{"variable": "tas", "mean": 289.1864013671875, "std": 9.06151008605957, "min": 261.4263610839844, "max": 315.5628967285156}